ID,current_level,exec_time,time_last_updated
127.0.0.1,1,187,1757118150675

172.17.6.169,20,6821,1757407185753
172.17.6.170,12,12404,1757407138151
172.17.6.171,19,2468,1757407187692
172.17.6.172,20,6878,1757407204387
172.17.6.173,6,2289,1757407136962
172.17.6.174,19,2916,1757407186766
172.17.6.175,19,2936,1757407170016
172.17.6.176,19,2378,1757407170533
172.17.6.177,19,2911,1757407173013
172.17.6.178,19,2981,1757407170085
172.17.6.179,19,2936,1757407170053
172.17.6.185,9,3101,1757407139864
172.17.6.186,12,12537,1757407160876
172.17.6.196,20,7348,1757407193282
